Name,Age,Email,Join_Date,Salary,Department
John O'Connell,20.0,john_o'connell@email.com,2016-09-16,65522.0,HR
Alice Davis,20.0,alice_davis@mail.net,2020-05-22,65522.0,Marketing
Laura Brown,20.0,laura_brown@mail.net,2016-12-11,91867.0,HR
Sam Smith,21.0,sam_smith@email.com,2025-01-02,35874.0,Finance
Sarah Doe,20.0,sarah_doe@fake.com,2015-04-17,65522.0,HR
Sarah Green,54.0,sarah_green@fake.com,2025-01-02,80400.0,
,20.0,invalid_email,2021-08-18,41322.0,Finance
Laura Miller,20.0,laura_miller@email.com,2025-06-25,65522.0,
Robert Smith,20.0,robert_smith@email.com,2016-06-20,77089.0,Sales
Sam Black,27.0,sam_black@email.com,2017-10-08,65522.0,Operations
Lisa Smith,20.0,lisa_smith@email.com,2025-01-01,65522.0,Finance
Lisa Davis,20.0,lisa_davis@email.com,2025-01-01,39407.0,Customer Support
Tom O'Connell,20.0,tom_o'connell@fake.com,2025-01-17,48986.0,Finance
Jessica Davis,60.0,jessica_davis@email.com,2018-09-16,62093.0,Finance
Laura Doe,20.0,laura_doe@mail.net,2025-01-02,65522.0,HR
Chris Doe,20.0,chris_doe@web.org,2019-01-11,65522.0,Finance
,20.0,invalid_email,2025-01-01,65522.0,Finance
John Black,20.0,john_black@mail.net,2025-01-01,65522.0,Sales
Tom Black,20.0,tom_black@email.com,2025-01-01,65522.0,IT
Emily Green,20.0,emily_green@fake.com,2025-04-06,65522.0,Sales
Lisa Smith,20.0,invalid_email,2025-01-01,54412.0,Operations
,20.0,invalid_email,2025-01-01,65522.0,IT
James Miller,20.0,james_miller@email.com,2025-01-01,68060.0,Sales
Robert White,20.0,robert_white@mail.net,2025-03-25,99158.0,Customer Support
Emily Davis,20.0,emily_davis@web.org,2025-01-01,65522.0,Marketing
Anna Davis,20.0,anna_davis@web.org,2024-11-20,65522.0,Customer Support
Anna Brown,20.0,anna_brown@email.com,2016-05-08,65522.0,HR
David O'Connell,20.0,david_o'connell@web.org,2025-08-09,65522.0,Customer Support
Mary Brown,20.0,mary_brown@fake.com,2017-11-13,63384.0,Operations
Anna O'Connell,24.0,anna_o'connell@fake.com,2015-04-06,77552.0,Finance
Mary Brown,20.0,mary_brown@email.com,2025-01-02,70906.0,
James Green,20.0,james_green@mail.net,2019-06-14,84918.0,IT
Peter Green,20.0,peter_green@fake.com,2024-07-09,65522.0,Sales
Sam Johnson,34.0,sam_johnson@email.com,2025-07-08,65522.0,HR
Chris O'Connell,38.0,chris_o'connell@email.com,2023-05-09,99946.0,HR
David Johnson,38.0,david_johnson@mail.net,2025-01-01,65522.0,IT
Anna Brown,20.0,anna_brown@email.com,2025-01-02,65522.0,Customer Support
Lisa White,43.0,lisa_white@fake.com,2025-01-02,83249.0,HR
David Miller,20.0,david_miller@web.org,2021-02-17,65522.0,Operations
James Brown,20.0,invalid_email,2025-09-01,67461.0,
Robert O'Connell,20.0,robert_o'connell@web.org,2015-04-05,65522.0,Sales
Chris White,20.0,chris_white@mail.net,2023-01-12,37353.0,Finance
Robert O'Connell,20.0,robert_o'connell@fake.com,2024-10-21,44941.0,Marketing
Chris Smith,20.0,chris_smith@mail.net,2021-09-18,41870.0,Operations
James Green,44.0,james_green@web.org,2020-06-13,65522.0,
James Green,36.0,james_green@fake.com,2020-07-22,65522.0,Finance
,20.0,invalid_email,2018-06-12,75519.0,IT
Robert Doe,47.0,robert_doe@web.org,2025-01-01,89787.0,
Anna O'Connell,20.0,anna_o'connell@web.org,2025-01-01,65522.0,Marketing
Emily Brown,20.0,emily_brown@mail.net,2025-01-01,65522.0,Operations
Emily Doe,20.0,emily_doe@mail.net,2024-02-06,65522.0,Finance
Chris White,20.0,chris_white@mail.net,2025-01-01,94719.0,Sales
Robert Black,20.0,robert_black@web.org,2016-11-28,65522.0,Marketing
Sam Smith,20.0,sam_smith@mail.net,2025-01-02,65522.0,Sales
James Green,20.0,james_green@mail.net,2025-01-01,65522.0,Customer Support
Sam Miller,20.0,sam_miller@web.org,2020-04-05,63090.0,Operations
Jessica Davis,20.0,jessica_davis@fake.com,2018-03-28,65522.0,HR
Sarah White,39.0,sarah_white@web.org,2020-11-13,65522.0,Operations
David Black,20.0,david_black@fake.com,2025-01-02,49788.0,Customer Support
Jessica O'Connell,20.0,jessica_o'connell@fake.com,2022-05-23,65522.0,Finance
Sarah Smith,20.0,invalid_email,2021-01-21,65522.0,HR
Tom White,20.0,tom_white@email.com,2017-01-04,65522.0,Operations
Mary Doe,20.0,mary_doe@fake.com,2025-01-20,65522.0,HR
David White,20.0,david_white@mail.net,2019-05-26,65522.0,
Alice Smith,20.0,alice_smith@mail.net,2025-01-02,65522.0,Marketing
James Johnson,53.0,invalid_email,2025-01-02,65522.0,Finance
Jessica Smith,20.0,jessica_smith@web.org,2015-09-15,37374.0,Sales
Sam Green,52.0,sam_green@web.org,2018-06-03,65522.0,Operations
Emily Black,33.0,emily_black@mail.net,2023-03-10,65522.0,IT
Chris Miller,20.0,chris_miller@web.org,2025-01-02,65522.0,Finance
Chris Brown,20.0,chris_brown@mail.net,2025-01-01,65522.0,HR
Alice Miller,42.0,alice_miller@fake.com,2025-01-02,31872.0,Finance
Lisa Brown,20.0,lisa_brown@mail.net,2022-09-11,65522.0,IT
Sam Green,20.0,sam_green@web.org,2020-11-08,65522.0,IT
,20.0,invalid_email,2025-01-01,65522.0,Operations
Lisa Davis,20.0,lisa_davis@email.com,2016-03-09,98680.0,Customer Support
Sarah Brown,46.0,sarah_brown@mail.net,2020-12-11,65522.0,
Anna Davis,20.0,anna_davis@web.org,2016-03-07,65522.0,HR
Jane Smith,20.0,jane_smith@mail.net,2015-10-03,65522.0,IT
Anna Green,20.0,anna_green@mail.net,2020-09-21,78802.0,Marketing
Laura Black,33.0,laura_black@fake.com,2021-01-24,65522.0,Sales
Laura Brown,20.0,laura_brown@email.com,2025-01-01,65522.0,Sales
Alice Green,47.0,alice_green@email.com,2025-01-01,65522.0,Marketing
James Smith,20.0,james_smith@mail.net,2025-01-01,65522.0,Marketing
Tom Brown,20.0,tom_brown@fake.com,2025-01-02,49423.0,HR
Chris O'Connell,53.0,chris_o'connell@mail.net,2017-01-05,65522.0,Marketing
Lisa Doe,20.0,lisa_doe@mail.net,2020-12-21,65522.0,Finance
David Miller,25.0,david_miller@web.org,2025-01-01,65522.0,Finance
Tom Davis,58.0,tom_davis@web.org,2023-01-03,65522.0,Sales
,42.0,invalid_email,2020-08-28,65522.0,Operations
Chris Miller,20.0,chris_miller@email.com,2021-12-15,65522.0,Operations
Laura Miller,57.0,laura_miller@web.org,2021-11-24,65522.0,IT
Alex Black,20.0,alex_black@fake.com,2022-11-03,65522.0,IT
Lisa Smith,20.0,lisa_smith@mail.net,2025-01-01,65522.0,HR
Emily Miller,20.0,emily_miller@web.org,2019-03-08,65522.0,
Sam Davis,20.0,sam_davis@fake.com,2023-07-03,97717.0,IT
,20.0,invalid_email,2025-01-02,91108.0,
Lisa O'Connell,20.0,lisa_o'connell@email.com,2019-04-03,91989.0,HR
Emily Doe,20.0,emily_doe@web.org,2025-01-01,61800.0,Sales
John Miller,57.0,john_miller@email.com,2016-08-24,65522.0,
John White,20.0,john_white@email.com,2015-04-26,91184.0,HR
Laura Brown,20.0,laura_brown@email.com,2017-06-06,65522.0,
James Davis,20.0,james_davis@web.org,2024-05-28,95753.0,Finance
David Johnson,20.0,david_johnson@fake.com,2024-12-06,65522.0,Finance
Mike Smith,20.0,mike_smith@web.org,2025-01-01,65522.0,Finance
Tom Doe,20.0,tom_doe@web.org,2019-07-26,67169.0,Operations
Sam Davis,20.0,sam_davis@email.com,2025-01-01,65522.0,Finance
,31.0,invalid_email,2025-01-01,65522.0,
Anna Davis,20.0,anna_davis@email.com,2016-08-12,65522.0,Finance
Laura Miller,20.0,laura_miller@web.org,2025-01-02,54810.0,Marketing
Alex Green,20.0,alex_green@web.org,2025-01-01,67597.0,IT
David Davis,20.0,david_davis@mail.net,2025-01-01,65522.0,
Alex White,20.0,alex_white@web.org,2018-02-11,88447.0,Finance
Sam Smith,51.0,sam_smith@fake.com,2025-01-01,65522.0,HR
John Smith,20.0,john_smith@fake.com,2025-01-01,65522.0,HR
Robert Miller,20.0,invalid_email,2025-01-02,98133.0,IT
Alex O'Connell,20.0,alex_o'connell@email.com,2018-01-24,65522.0,Customer Support
Lisa Smith,20.0,lisa_smith@email.com,2021-05-18,65522.0,HR
Chris Brown,20.0,chris_brown@web.org,2020-07-18,72992.0,Sales
Anna Smith,41.0,anna_smith@mail.net,2018-07-18,65522.0,Finance
Tom Green,20.0,tom_green@web.org,2025-12-24,40771.0,Operations
Jessica Smith,20.0,jessica_smith@fake.com,2025-01-02,65522.0,HR
Robert Brown,23.0,robert_brown@mail.net,2025-01-02,65522.0,HR
Sam Johnson,20.0,sam_johnson@fake.com,2025-01-01,65522.0,Operations
Sam Smith,20.0,sam_smith@web.org,2025-01-02,65522.0,Customer Support
James O'Connell,20.0,invalid_email,2020-01-11,34469.0,HR
James Black,20.0,invalid_email,2016-10-16,65522.0,Sales
Lisa Doe,20.0,invalid_email,2025-01-02,89699.0,Sales
Chris Doe,20.0,chris_doe@fake.com,2025-01-01,65522.0,HR
,20.0,invalid_email,2025-01-01,65522.0,Operations
Jessica Doe,49.0,invalid_email,2025-01-01,78270.0,
Emily O'Connell,20.0,emily_o'connell@web.org,2025-09-14,65522.0,Operations
Emily White,20.0,emily_white@mail.net,2025-01-01,99952.0,Finance
Sarah O'Connell,20.0,sarah_o'connell@fake.com,2016-05-19,65522.0,Sales
Mike Johnson,20.0,mike_johnson@email.com,2024-07-26,65522.0,IT
Mary Davis,20.0,mary_davis@email.com,2025-01-01,65522.0,
Mike Miller,47.0,invalid_email,2023-04-08,91077.0,HR
Jane Miller,20.0,jane_miller@web.org,2018-11-22,65522.0,Customer Support
Chris Black,20.0,invalid_email,2018-05-03,65522.0,IT
Sarah Black,20.0,sarah_black@email.com,2019-11-17,65522.0,
Anna Brown,20.0,invalid_email,2019-11-11,65522.0,Finance
Laura Smith,53.0,laura_smith@web.org,2021-03-26,65522.0,Customer Support
Alice Brown,20.0,alice_brown@web.org,2025-01-02,65522.0,
Peter Doe,20.0,peter_doe@mail.net,2025-12-10,55026.0,Customer Support
,20.0,invalid_email,2025-01-02,94550.0,Operations
Jessica White,20.0,jessica_white@mail.net,2018-07-23,65522.0,Finance
Sam O'Connell,20.0,sam_o'connell@web.org,2023-02-06,65522.0,Customer Support
John White,20.0,john_white@mail.net,2024-11-23,50712.0,HR
Alice Doe,20.0,alice_doe@email.com,2015-03-21,65522.0,Marketing
Laura O'Connell,20.0,laura_o'connell@web.org,2025-01-02,50889.0,
Alex Brown,20.0,alex_brown@web.org,2025-01-01,65522.0,HR
Jane Doe,37.0,jane_doe@fake.com,2025-02-26,79935.0,Operations
Alice Smith,44.0,alice_smith@fake.com,2015-02-05,65522.0,Customer Support
David Miller,20.0,david_miller@email.com,2022-04-13,92435.0,Marketing
Jane O'Connell,20.0,jane_o'connell@fake.com,2022-06-03,65522.0,
Sarah Miller,20.0,sarah_miller@web.org,2025-01-01,65522.0,HR
Chris Davis,20.0,invalid_email,2025-01-02,65522.0,Operations
Mike Black,20.0,mike_black@email.com,2018-08-06,98079.0,Marketing
Jane Brown,20.0,jane_brown@web.org,2023-11-20,65522.0,Sales
Emily O'Connell,20.0,emily_o'connell@email.com,2017-10-19,65522.0,Customer Support
Tom White,52.0,tom_white@email.com,2025-08-27,76206.0,HR
Sarah Black,20.0,sarah_black@web.org,2015-03-23,65522.0,Marketing
Mary Johnson,20.0,mary_johnson@email.com,2016-04-24,65522.0,HR
Mike O'Connell,46.0,mike_o'connell@web.org,2025-01-01,65522.0,Marketing
Mike Brown,45.0,mike_brown@email.com,2025-01-01,81766.0,HR
Alex Black,20.0,alex_black@fake.com,2023-11-03,80646.0,Marketing
Peter Smith,20.0,peter_smith@mail.net,2025-01-01,65522.0,IT
Sarah Johnson,20.0,sarah_johnson@mail.net,2025-01-01,65522.0,Customer Support
David O'Connell,52.0,david_o'connell@email.com,2025-01-02,65522.0,Operations
Mary Johnson,20.0,mary_johnson@web.org,2024-04-08,65522.0,HR
Tom Brown,20.0,tom_brown@mail.net,2025-01-01,38877.0,Customer Support
Tom O'Connell,49.0,tom_o'connell@mail.net,2016-05-24,71200.0,Sales
Tom Smith,20.0,tom_smith@fake.com,2024-03-23,99476.0,Operations
,20.0,invalid_email,2025-01-01,65522.0,HR
Sam Doe,20.0,sam_doe@fake.com,2018-07-21,65522.0,IT
Alice White,20.0,alice_white@email.com,2020-02-05,56939.0,
Laura O'Connell,20.0,laura_o'connell@mail.net,2016-07-07,65522.0,Operations
Peter Green,20.0,peter_green@mail.net,2025-01-02,65522.0,Sales
Mary Johnson,20.0,mary_johnson@email.com,2025-01-02,65522.0,Customer Support
Alex Davis,20.0,invalid_email,2025-01-02,65522.0,Marketing
Lisa Brown,29.0,invalid_email,2019-02-23,66962.0,
Alex O'Connell,20.0,alex_o'connell@fake.com,2025-01-01,87769.0,Finance
Chris Miller,20.0,chris_miller@web.org,2025-01-02,50330.0,Marketing
,20.0,invalid_email,2019-09-22,65522.0,Marketing
Mary Smith,40.0,mary_smith@mail.net,2018-08-09,65522.0,Marketing
,43.0,invalid_email,2019-03-13,65522.0,Operations
Anna Johnson,20.0,anna_johnson@web.org,2025-01-02,66591.0,Customer Support
Emily Miller,20.0,emily_miller@mail.net,2023-07-03,65522.0,Operations
Jane Smith,20.0,jane_smith@email.com,2025-01-02,62923.0,
Anna Black,20.0,anna_black@fake.com,2025-01-01,47008.0,Customer Support
Chris White,20.0,chris_white@mail.net,2025-01-01,65522.0,Sales
Tom Doe,20.0,tom_doe@mail.net,2025-01-01,63279.0,Sales
Anna White,20.0,anna_white@email.com,2025-01-01,43925.0,Customer Support
Robert Brown,20.0,robert_brown@web.org,2025-04-08,35572.0,Marketing
Mike Doe,20.0,mike_doe@web.org,2025-01-01,65522.0,Operations
Sarah Doe,20.0,sarah_doe@email.com,2017-02-02,65522.0,
Jane Doe,20.0,jane_doe@fake.com,2025-12-06,65522.0,
Robert Brown,20.0,robert_brown@email.com,2025-01-01,32776.0,HR
Mary Doe,34.0,mary_doe@email.com,2025-01-02,65522.0,Operations
Sarah Green,20.0,invalid_email,2023-02-01,65522.0,
Alice Davis,20.0,invalid_email,2025-01-01,65522.0,Finance
Alex Davis,20.0,alex_davis@web.org,2021-11-10,65283.0,Customer Support
Lisa Miller,20.0,lisa_miller@fake.com,2021-07-05,83989.0,Marketing
Jessica Doe,20.0,jessica_doe@email.com,2015-06-02,65522.0,Finance
Mary O'Connell,20.0,mary_o'connell@mail.net,2025-01-02,65522.0,Customer Support
David Doe,20.0,invalid_email,2020-06-18,65522.0,HR
David Green,22.0,david_green@email.com,2024-08-19,65522.0,
Anna Green,20.0,anna_green@mail.net,2018-04-13,65522.0,
,20.0,invalid_email,2019-03-28,65522.0,HR
Sam White,27.0,sam_white@mail.net,2025-01-01,65522.0,IT
Anna Smith,20.0,anna_smith@mail.net,2024-08-22,90762.0,Customer Support
John Brown,20.0,john_brown@fake.com,2025-09-06,65522.0,IT
Emily O'Connell,20.0,emily_o'connell@mail.net,2025-01-01,43732.0,HR
James Miller,40.0,james_miller@fake.com,2019-08-02,65522.0,IT
Peter Green,20.0,peter_green@mail.net,2016-03-02,65522.0,Marketing
Jessica Brown,42.0,jessica_brown@fake.com,2025-07-07,74120.0,Operations
Sarah Miller,51.0,sarah_miller@fake.com,2025-01-01,40287.0,
Sam White,20.0,invalid_email,2023-12-06,69669.0,Sales
James Black,20.0,james_black@mail.net,2017-03-05,84535.0,IT
,20.0,invalid_email,2025-01-01,65522.0,Finance
Jane O'Connell,20.0,jane_o'connell@mail.net,2025-01-01,52409.0,IT
Sarah Davis,55.0,sarah_davis@web.org,2025-01-02,65522.0,Customer Support
Lisa Black,20.0,lisa_black@email.com,2025-01-01,65522.0,Operations
Jessica O'Connell,27.0,jessica_o'connell@mail.net,2025-01-02,65522.0,IT
David Brown,20.0,david_brown@mail.net,2025-01-01,65060.0,HR
Tom Doe,20.0,tom_doe@email.com,2021-01-18,70191.0,
Anna O'Connell,20.0,invalid_email,2020-07-14,65522.0,
Sarah Black,57.0,invalid_email,2025-01-02,65522.0,Sales
Chris Doe,20.0,chris_doe@web.org,2015-10-08,55914.0,Marketing
Lisa Johnson,20.0,lisa_johnson@fake.com,2025-01-02,93531.0,IT
Alice Miller,54.0,alice_miller@fake.com,2023-04-13,65522.0,
Jane Brown,49.0,jane_brown@web.org,2017-11-11,57921.0,Sales
Sarah Davis,20.0,sarah_davis@mail.net,2016-09-21,65522.0,Sales
Lisa Doe,20.0,lisa_doe@web.org,2023-11-28,65522.0,IT
Robert Doe,21.0,robert_doe@fake.com,2016-12-11,65522.0,Marketing
Sam O'Connell,20.0,sam_o'connell@mail.net,2025-01-01,65522.0,
James Green,20.0,james_green@mail.net,2025-01-01,65522.0,Marketing
Laura Green,52.0,laura_green@web.org,2025-01-01,49971.0,Sales
Lisa Miller,49.0,invalid_email,2016-12-03,87947.0,HR
Mary O'Connell,20.0,mary_o'connell@fake.com,2025-01-01,65522.0,Marketing
Sarah Green,28.0,sarah_green@email.com,2021-09-05,65522.0,Customer Support
Emily Doe,20.0,emily_doe@email.com,2021-07-18,86634.0,HR
Peter O'Connell,20.0,peter_o'connell@email.com,2015-06-07,65522.0,Operations
Jessica Miller,20.0,jessica_miller@fake.com,2019-01-09,32036.0,Customer Support
Sam White,20.0,sam_white@fake.com,2016-10-02,65522.0,Marketing
James Green,20.0,james_green@fake.com,2023-10-01,65522.0,
James O'Connell,20.0,james_o'connell@email.com,2023-02-23,65522.0,Finance
Sarah Black,20.0,sarah_black@email.com,2019-12-20,65522.0,Operations
David White,30.0,david_white@fake.com,2025-01-02,65522.0,Sales
David Black,20.0,david_black@email.com,2020-05-10,75157.0,HR
Emily Doe,20.0,emily_doe@email.com,2025-01-01,65522.0,IT
Jessica Davis,20.0,jessica_davis@web.org,2025-01-02,65522.0,HR
Sarah Johnson,20.0,sarah_johnson@email.com,2025-01-01,65522.0,IT
Anna O'Connell,59.0,anna_o'connell@mail.net,2019-11-08,65522.0,Operations
Emily Black,20.0,emily_black@mail.net,2025-01-01,65522.0,HR
Lisa Black,20.0,lisa_black@web.org,2020-09-06,61358.0,IT
Peter Black,24.0,peter_black@fake.com,2018-01-17,65522.0,Marketing
Mike White,20.0,mike_white@mail.net,2025-01-02,65522.0,
Chris Doe,20.0,chris_doe@web.org,2025-01-01,79539.0,HR
Jessica Smith,38.0,jessica_smith@mail.net,2015-06-01,65522.0,Customer Support
Emily Doe,20.0,invalid_email,2025-01-01,65522.0,IT
Robert O'Connell,43.0,robert_o'connell@email.com,2025-01-02,65522.0,Finance
Emily Smith,52.0,emily_smith@fake.com,2020-11-25,65522.0,Sales
Mike Brown,20.0,mike_brown@email.com,2015-01-04,65522.0,Marketing
Emily Green,20.0,emily_green@web.org,2025-01-01,65522.0,Marketing
John Smith,20.0,john_smith@mail.net,2020-04-13,90593.0,IT
Sarah Davis,20.0,invalid_email,2022-02-06,65522.0,HR
,20.0,invalid_email,2017-02-18,65522.0,Customer Support
Sarah Smith,20.0,sarah_smith@fake.com,2019-10-01,65522.0,Marketing
Alice O'Connell,20.0,alice_o'connell@fake.com,2015-10-08,65522.0,HR
Laura Brown,43.0,laura_brown@email.com,2025-01-01,65522.0,IT
James Black,20.0,invalid_email,2017-07-13,65522.0,
Robert Green,20.0,robert_green@fake.com,2021-09-09,65522.0,Operations
Alice Green,20.0,alice_green@mail.net,2025-01-01,65522.0,
Laura Green,20.0,laura_green@web.org,2025-01-01,65522.0,Marketing
Mary Smith,32.0,mary_smith@web.org,2025-01-02,60352.0,Operations
Tom Brown,52.0,tom_brown@web.org,2025-01-02,77828.0,Operations
Mary Black,21.0,mary_black@web.org,2025-01-01,65522.0,
Jessica White,56.0,invalid_email,2019-06-13,65522.0,Marketing
Mary Green,20.0,mary_green@fake.com,2020-06-02,90031.0,Marketing
Lisa Miller,30.0,lisa_miller@fake.com,2025-01-01,65522.0,Marketing
,20.0,invalid_email,2025-01-02,65522.0,Sales
John Johnson,20.0,john_johnson@web.org,2025-01-01,65522.0,
Jane Black,32.0,jane_black@web.org,2025-12-10,65522.0,Customer Support
Tom O'Connell,20.0,tom_o'connell@mail.net,2016-10-25,65522.0,
Peter Davis,20.0,peter_davis@fake.com,2025-01-01,65522.0,Finance
Alex Black,20.0,alex_black@email.com,2016-07-12,65522.0,Operations
Mary Brown,20.0,mary_brown@mail.net,2025-11-02,65522.0,HR
David Doe,20.0,david_doe@mail.net,2023-03-22,48821.0,Finance
Jane Doe,20.0,jane_doe@mail.net,2019-10-15,65522.0,
John Black,20.0,john_black@email.com,2016-04-04,65522.0,Operations
Sarah Miller,20.0,sarah_miller@fake.com,2015-11-03,65522.0,Operations
Tom Doe,47.0,tom_doe@web.org,2023-01-01,65522.0,Finance
Jessica Doe,20.0,jessica_doe@web.org,2025-01-02,35727.0,Operations
Sam Miller,20.0,sam_miller@fake.com,2025-01-01,65522.0,Sales
Robert Doe,20.0,robert_doe@email.com,2022-09-28,65522.0,Operations
James Smith,20.0,james_smith@web.org,2020-11-05,65522.0,Customer Support
Robert Johnson,20.0,robert_johnson@mail.net,2025-01-01,65522.0,
Alice Johnson,20.0,alice_johnson@web.org,2018-04-09,65522.0,Sales
Sam Davis,20.0,sam_davis@mail.net,2019-06-20,65522.0,Marketing
,20.0,invalid_email,2018-07-17,53690.0,Customer Support
Laura Davis,20.0,laura_davis@mail.net,2025-01-01,65522.0,HR
Anna White,47.0,anna_white@mail.net,2025-04-15,65522.0,HR
Peter Green,20.0,peter_green@mail.net,2025-01-01,74716.0,Marketing
Jessica Black,43.0,jessica_black@mail.net,2019-11-13,65522.0,
Jessica Doe,20.0,jessica_doe@fake.com,2025-01-01,65522.0,Operations
Chris Brown,20.0,chris_brown@fake.com,2025-02-19,65522.0,Marketing
Laura Black,20.0,laura_black@fake.com,2024-10-02,65522.0,HR
David Johnson,20.0,david_johnson@fake.com,2025-09-12,74754.0,Marketing
Anna Smith,20.0,anna_smith@email.com,2025-06-07,65522.0,Operations
Jane White,20.0,jane_white@fake.com,2021-06-18,65522.0,HR
Anna Johnson,38.0,anna_johnson@fake.com,2025-01-01,65522.0,HR
Emily Brown,60.0,emily_brown@email.com,2025-01-01,65522.0,Sales
Sarah Johnson,29.0,sarah_johnson@email.com,2024-07-01,65522.0,Finance
Chris Doe,54.0,chris_doe@email.com,2024-09-09,64609.0,Operations
Laura White,27.0,laura_white@fake.com,2025-01-01,65522.0,Operations
Mike Johnson,20.0,mike_johnson@mail.net,2025-01-01,65522.0,
Chris White,20.0,chris_white@fake.com,2019-04-18,69462.0,Finance
Laura Brown,20.0,laura_brown@mail.net,2025-01-02,43019.0,IT
Anna O'Connell,20.0,anna_o'connell@fake.com,2024-01-16,67915.0,Customer Support
Chris Brown,20.0,chris_brown@fake.com,2024-08-20,65522.0,Marketing
Tom Doe,25.0,tom_doe@web.org,2015-01-23,65522.0,IT
Robert Smith,50.0,invalid_email,2023-04-10,65522.0,IT
Sam Miller,20.0,sam_miller@mail.net,2023-12-12,65522.0,Marketing
Anna O'Connell,20.0,anna_o'connell@email.com,2025-01-01,65522.0,Operations
Sarah Smith,20.0,sarah_smith@email.com,2015-03-15,65522.0,HR
David Davis,20.0,david_davis@email.com,2025-01-01,66493.0,Finance
James Smith,20.0,james_smith@fake.com,2025-01-01,65522.0,Sales
,20.0,invalid_email,2025-01-01,65522.0,Sales
Mary Black,55.0,mary_black@web.org,2020-07-23,94432.0,Marketing
Sam Miller,20.0,sam_miller@email.com,2025-01-01,65522.0,IT
Sarah Green,20.0,sarah_green@email.com,2023-10-15,65522.0,
Emily Doe,20.0,emily_doe@mail.net,2025-01-01,66742.0,IT
Emily Johnson,20.0,emily_johnson@web.org,2025-01-01,58593.0,Operations
Jane Green,20.0,jane_green@fake.com,2025-06-24,65522.0,Operations
Tom O'Connell,20.0,tom_o'connell@mail.net,2025-01-02,65522.0,Customer Support
Mike White,42.0,mike_white@web.org,2021-06-03,65522.0,HR
Alice O'Connell,20.0,alice_o'connell@fake.com,2025-01-02,65522.0,IT
Mike O'Connell,51.0,mike_o'connell@web.org,2017-08-11,65522.0,HR
Alice Brown,37.0,alice_brown@email.com,2025-01-01,65522.0,Marketing
Jane White,20.0,jane_white@email.com,2022-07-01,65522.0,Finance
James Miller,57.0,james_miller@mail.net,2018-07-23,78605.0,Operations
Anna O'Connell,20.0,anna_o'connell@mail.net,2025-01-01,65522.0,Operations
Jessica Davis,20.0,jessica_davis@fake.com,2025-01-01,46762.0,Finance
Alex Doe,20.0,alex_doe@web.org,2025-01-02,65522.0,IT
Robert Black,20.0,robert_black@fake.com,2015-06-04,65522.0,Marketing
Robert White,20.0,invalid_email,2020-10-06,67992.0,Finance
James O'Connell,20.0,james_o'connell@fake.com,2019-10-18,65522.0,HR
Tom Davis,42.0,tom_davis@web.org,2018-08-07,65522.0,Customer Support
Jessica Green,50.0,jessica_green@fake.com,2018-06-03,65522.0,
Alex Brown,20.0,alex_brown@web.org,2015-11-03,65522.0,Operations
Sarah Green,20.0,sarah_green@mail.net,2025-01-01,57383.0,HR
,20.0,invalid_email,2025-01-02,44677.0,
Laura Smith,48.0,laura_smith@web.org,2024-11-25,87107.0,
Lisa Doe,39.0,lisa_doe@fake.com,2018-09-19,65522.0,Sales
Robert Green,56.0,robert_green@web.org,2023-09-17,65522.0,Sales
John White,20.0,john_white@mail.net,2022-12-04,34987.0,Sales
Peter Miller,56.0,peter_miller@fake.com,2025-01-01,65522.0,Marketing
Chris White,41.0,chris_white@web.org,2025-01-01,65522.0,Sales
Mary White,20.0,invalid_email,2024-10-01,65522.0,Customer Support
Alice Davis,22.0,alice_davis@mail.net,2025-01-02,91885.0,Finance
Sam White,30.0,invalid_email,2019-04-22,65522.0,IT
Sarah Davis,20.0,sarah_davis@fake.com,2025-07-11,70044.0,Sales
Jane Doe,35.0,jane_doe@mail.net,2017-12-01,65522.0,
Robert Doe,20.0,invalid_email,2024-09-15,67268.0,Sales
David Davis,20.0,david_davis@email.com,2024-06-23,95400.0,
Emily Davis,20.0,invalid_email,2025-01-02,65522.0,Customer Support
Tom Miller,20.0,tom_miller@mail.net,2016-03-05,92984.0,Sales
Peter Green,20.0,peter_green@email.com,2020-11-27,65522.0,Operations
David Brown,20.0,david_brown@fake.com,2025-01-02,75015.0,Sales
Mike Doe,20.0,mike_doe@mail.net,2016-04-23,53135.0,HR
Tom Green,20.0,tom_green@email.com,2023-07-06,65522.0,Finance
Alex Johnson,20.0,alex_johnson@web.org,2016-04-10,65522.0,Marketing
James Black,46.0,james_black@web.org,2016-07-08,93919.0,HR
Mary O'Connell,49.0,mary_o'connell@fake.com,2025-01-02,94752.0,Finance
Tom Green,38.0,tom_green@fake.com,2025-01-01,65522.0,Finance
John Brown,20.0,john_brown@email.com,2025-01-01,65522.0,Customer Support
Alex Green,22.0,alex_green@web.org,2015-12-08,65522.0,IT
Tom Doe,20.0,tom_doe@mail.net,2016-09-10,65522.0,Finance
Robert Green,20.0,robert_green@email.com,2020-09-02,65522.0,Sales
James O'Connell,52.0,james_o'connell@web.org,2025-01-01,65522.0,Finance
Mary O'Connell,20.0,invalid_email,2025-01-01,65522.0,
Mary Black,20.0,mary_black@mail.net,2025-01-02,65522.0,Marketing
Anna Brown,20.0,anna_brown@fake.com,2022-03-02,65522.0,Sales
Tom O'Connell,20.0,tom_o'connell@fake.com,2016-06-12,65522.0,Operations
Mike Davis,20.0,mike_davis@fake.com,2020-03-11,65522.0,
Peter Davis,45.0,peter_davis@email.com,2021-11-02,65522.0,Customer Support
Sam Doe,20.0,invalid_email,2015-08-22,65522.0,
Sarah White,20.0,sarah_white@web.org,2025-11-16,65522.0,IT
Tom Doe,20.0,tom_doe@mail.net,2021-09-02,94126.0,
Anna White,20.0,anna_white@mail.net,2019-02-10,95721.0,Customer Support
Alice Brown,20.0,alice_brown@fake.com,2015-07-01,90583.0,IT
Mary Brown,20.0,mary_brown@web.org,2021-07-09,54265.0,HR
David Black,20.0,invalid_email,2025-01-02,65522.0,IT
,20.0,invalid_email,2018-12-28,45814.0,Customer Support
Robert White,20.0,robert_white@web.org,2020-11-27,65522.0,Marketing
Robert O'Connell,20.0,invalid_email,2020-12-05,65522.0,
Mary Miller,20.0,mary_miller@web.org,2020-05-20,65522.0,Finance
Lisa Green,56.0,lisa_green@email.com,2025-01-01,65522.0,
Anna Smith,20.0,anna_smith@email.com,2019-09-18,65522.0,
Robert Green,20.0,robert_green@email.com,2018-07-19,98036.0,Operations
James Johnson,20.0,james_johnson@web.org,2025-01-01,65522.0,Customer Support
Chris O'Connell,20.0,chris_o'connell@fake.com,2017-03-03,73333.0,Sales
Lisa Davis,20.0,lisa_davis@mail.net,2015-06-19,65522.0,Marketing
John Miller,20.0,john_miller@fake.com,2023-10-04,65522.0,
James O'Connell,20.0,james_o'connell@fake.com,2025-01-01,65522.0,Customer Support
Laura White,43.0,laura_white@email.com,2020-04-03,65522.0,Customer Support
Lisa White,21.0,lisa_white@web.org,2025-01-02,93941.0,HR
Mike Black,20.0,invalid_email,2025-01-01,44864.0,Finance
Mike Brown,20.0,invalid_email,2017-03-01,65522.0,
Robert O'Connell,20.0,robert_o'connell@fake.com,2025-01-01,65522.0,HR
Jane Miller,20.0,jane_miller@web.org,2025-01-01,65522.0,
John O'Connell,20.0,john_o'connell@email.com,2022-01-10,65522.0,Marketing
Chris Davis,60.0,chris_davis@mail.net,2019-08-24,65522.0,IT
,20.0,invalid_email,2025-01-01,83467.0,Customer Support
James Green,54.0,james_green@mail.net,2024-06-18,65522.0,
,20.0,invalid_email,2025-01-02,65522.0,Sales
Emily Brown,20.0,emily_brown@email.com,2019-06-25,65522.0,Sales
,20.0,invalid_email,2018-11-08,65522.0,Customer Support
Sam White,20.0,sam_white@mail.net,2017-06-13,65522.0,IT
Mary White,20.0,mary_white@web.org,2022-12-06,89022.0,Customer Support
Lisa Johnson,20.0,lisa_johnson@fake.com,2025-01-02,33492.0,IT
John O'Connell,20.0,john_o'connell@mail.net,2022-01-26,65522.0,IT
Sam Miller,20.0,sam_miller@email.com,2025-01-01,33232.0,Marketing
Tom Johnson,59.0,tom_johnson@email.com,2016-11-24,65522.0,Finance
Laura Doe,20.0,laura_doe@fake.com,2018-05-16,65522.0,Finance
Mary Doe,20.0,mary_doe@web.org,2016-09-07,53524.0,Customer Support
Mike White,20.0,mike_white@email.com,2020-03-27,65522.0,IT
Jane Black,28.0,jane_black@mail.net,2022-06-28,65522.0,Marketing
Sam White,20.0,sam_white@web.org,2025-01-01,65522.0,Marketing
Chris O'Connell,20.0,chris_o'connell@email.com,2020-02-11,30075.0,Sales
David White,56.0,david_white@mail.net,2025-01-01,65522.0,IT
Chris Johnson,20.0,chris_johnson@fake.com,2025-01-01,65522.0,HR
Sarah Black,20.0,sarah_black@web.org,2025-01-01,65522.0,IT
Laura Davis,20.0,laura_davis@mail.net,2025-01-01,65522.0,Finance
Jessica Davis,20.0,jessica_davis@web.org,2023-09-05,65522.0,IT
James Black,20.0,james_black@mail.net,2021-05-23,75913.0,Marketing
Tom Smith,20.0,tom_smith@web.org,2025-01-02,65522.0,Marketing
Robert White,20.0,robert_white@email.com,2025-01-01,75408.0,
Alex Green,20.0,alex_green@web.org,2025-01-01,65522.0,Finance
Jessica Doe,20.0,jessica_doe@mail.net,2015-12-09,65522.0,
John Smith,20.0,invalid_email,2025-01-01,37843.0,HR
,20.0,invalid_email,2019-08-15,57483.0,
Sam Doe,20.0,sam_doe@web.org,2025-01-01,97876.0,
James Miller,20.0,james_miller@fake.com,2025-01-01,65522.0,HR
Alice Davis,20.0,alice_davis@web.org,2025-12-08,65522.0,Operations
,20.0,invalid_email,2020-11-18,65522.0,Operations
Jane Black,20.0,jane_black@fake.com,2025-01-01,65522.0,HR
Alice O'Connell,20.0,alice_o'connell@fake.com,2025-01-02,42289.0,HR
Tom Doe,20.0,tom_doe@mail.net,2023-10-08,65522.0,HR
Peter White,20.0,peter_white@fake.com,2023-02-25,65522.0,Marketing
Alex Davis,20.0,invalid_email,2020-06-24,65522.0,HR
Peter Doe,20.0,peter_doe@email.com,2025-08-12,65522.0,IT
Laura Doe,20.0,laura_doe@mail.net,2025-01-01,65522.0,Finance
John Smith,20.0,john_smith@mail.net,2018-02-01,65522.0,Marketing
Anna Green,20.0,anna_green@email.com,2023-03-05,65522.0,Finance
James Black,20.0,james_black@mail.net,2025-01-02,65522.0,HR
Jessica Green,20.0,jessica_green@fake.com,2018-10-17,65522.0,Marketing
Alice Green,49.0,alice_green@fake.com,2025-09-15,65522.0,IT
Jessica Black,20.0,jessica_black@mail.net,2016-10-09,65522.0,
Chris O'Connell,20.0,chris_o'connell@email.com,2025-01-01,33247.0,Finance
Alice Doe,20.0,alice_doe@mail.net,2025-01-01,65522.0,Sales
Robert Davis,20.0,robert_davis@mail.net,2018-03-28,96581.0,Sales
Emily Doe,20.0,emily_doe@mail.net,2025-01-01,65522.0,Marketing
Sarah Doe,41.0,sarah_doe@email.com,2023-11-06,65522.0,Operations
Alice Miller,20.0,alice_miller@email.com,2020-09-14,65522.0,HR
Anna Black,20.0,anna_black@mail.net,2025-03-06,36899.0,Finance
Chris Brown,20.0,chris_brown@email.com,2022-07-21,65522.0,Operations
Chris Green,20.0,invalid_email,2019-11-22,65522.0,Sales
Mike Doe,20.0,mike_doe@fake.com,2025-01-01,65522.0,Customer Support
Tom O'Connell,20.0,tom_o'connell@fake.com,2019-08-06,65522.0,Sales
David Green,20.0,david_green@email.com,2024-07-09,96183.0,Finance
Tom White,20.0,tom_white@web.org,2025-01-02,95362.0,
Laura Brown,20.0,laura_brown@mail.net,2025-01-01,65522.0,Customer Support
Laura Black,20.0,laura_black@mail.net,2019-06-05,65522.0,Finance
Jessica White,20.0,jessica_white@fake.com,2025-01-01,65522.0,IT
Mike Smith,20.0,mike_smith@mail.net,2018-09-09,65522.0,Sales
Sam Johnson,20.0,sam_johnson@fake.com,2025-01-01,65522.0,Operations
Alice Smith,59.0,alice_smith@email.com,2025-01-01,89500.0,Operations
James Smith,20.0,invalid_email,2023-06-19,65522.0,Sales
Lisa Johnson,20.0,lisa_johnson@fake.com,2025-01-01,65522.0,Sales
Alex Green,20.0,alex_green@mail.net,2025-01-01,33781.0,Finance
,20.0,invalid_email,2025-01-02,61608.0,HR
James Miller,20.0,james_miller@fake.com,2016-09-04,65522.0,Marketing
,20.0,invalid_email,2025-01-02,94756.0,Marketing
Laura Davis,26.0,invalid_email,2025-01-01,65522.0,Finance
Alex Miller,56.0,alex_miller@web.org,2017-09-01,65522.0,Finance
Alex Smith,30.0,alex_smith@mail.net,2025-11-09,83071.0,
Laura Johnson,20.0,laura_johnson@mail.net,2018-04-16,54278.0,Sales
Peter O'Connell,20.0,peter_o'connell@mail.net,2017-01-27,65522.0,
John Davis,30.0,invalid_email,2017-04-17,65522.0,Finance
Lisa O'Connell,20.0,lisa_o'connell@web.org,2025-08-09,65522.0,Sales
,20.0,invalid_email,2017-06-07,65522.0,
James O'Connell,20.0,james_o'connell@email.com,2025-01-02,45731.0,HR
David Green,20.0,david_green@web.org,2021-05-06,65522.0,Sales
Mary Green,20.0,mary_green@web.org,2023-11-24,59925.0,Sales
Robert Black,26.0,robert_black@email.com,2016-10-16,65522.0,Customer Support
James Miller,36.0,invalid_email,2021-12-08,65522.0,
Emily Green,33.0,emily_green@mail.net,2021-06-02,65522.0,Customer Support
Mary White,42.0,mary_white@fake.com,2025-01-02,65522.0,Customer Support
Peter White,32.0,invalid_email,2025-01-02,65522.0,Finance
Jessica Brown,20.0,jessica_brown@mail.net,2025-06-10,65522.0,Finance
Peter Johnson,39.0,peter_johnson@mail.net,2025-01-02,37424.0,Operations
Laura Miller,20.0,laura_miller@fake.com,2025-12-19,65522.0,Marketing
Anna Miller,20.0,anna_miller@mail.net,2024-09-14,38210.0,Sales
,20.0,invalid_email,2025-12-11,62129.0,IT
Laura O'Connell,20.0,laura_o'connell@email.com,2025-01-01,65522.0,Customer Support
David White,20.0,david_white@fake.com,2021-07-02,65522.0,Marketing
Emily Davis,20.0,emily_davis@mail.net,2018-10-23,65522.0,Marketing
Tom Green,20.0,tom_green@web.org,2016-12-07,65522.0,Marketing
Robert Brown,20.0,robert_brown@fake.com,2025-01-01,81357.0,HR
Sarah Green,20.0,sarah_green@fake.com,2023-12-08,69438.0,Customer Support
Lisa Green,20.0,lisa_green@web.org,2016-02-06,65522.0,Operations
Mary O'Connell,54.0,mary_o'connell@mail.net,2025-01-01,65522.0,IT
David Davis,39.0,invalid_email,2025-01-01,87322.0,IT
Mike Davis,20.0,mike_davis@fake.com,2016-12-04,56594.0,Sales
Jane Miller,20.0,jane_miller@web.org,2016-03-14,65522.0,Finance
James Davis,29.0,james_davis@email.com,2020-10-19,55553.0,Finance
Chris Doe,20.0,chris_doe@mail.net,2025-01-02,88983.0,Finance
David Doe,20.0,david_doe@mail.net,2023-04-06,65522.0,Customer Support
Anna O'Connell,20.0,anna_o'connell@email.com,2019-08-05,65522.0,Marketing
Robert Smith,20.0,robert_smith@email.com,2025-01-01,65522.0,Sales
Laura Johnson,20.0,laura_johnson@fake.com,2022-01-18,65522.0,Sales
Sarah Johnson,20.0,invalid_email,2025-01-02,65522.0,
Sam Davis,20.0,sam_davis@mail.net,2022-01-12,67012.0,Marketing
James White,20.0,james_white@web.org,2025-01-02,47519.0,Finance
Alice Smith,58.0,alice_smith@web.org,2020-08-23,65522.0,Finance
Robert O'Connell,23.0,robert_o'connell@web.org,2019-09-24,65522.0,Marketing
David Davis,20.0,david_davis@fake.com,2024-02-09,65522.0,HR
Laura White,20.0,laura_white@mail.net,2025-02-12,65522.0,Operations
David White,27.0,david_white@web.org,2018-07-11,65522.0,Marketing
Sarah Doe,20.0,sarah_doe@mail.net,2025-01-01,65522.0,HR
Emily Brown,20.0,emily_brown@mail.net,2025-01-01,72212.0,Sales
Sarah Miller,20.0,sarah_miller@web.org,2025-01-01,65522.0,Customer Support
Lisa Doe,20.0,lisa_doe@fake.com,2023-01-22,65522.0,Customer Support
Sarah White,20.0,sarah_white@email.com,2022-03-17,82937.0,IT
Sarah Black,54.0,invalid_email,2021-07-10,65522.0,
Mike Doe,44.0,mike_doe@web.org,2021-08-20,65522.0,HR
Sarah Green,20.0,sarah_green@fake.com,2025-01-02,65522.0,
Jessica Black,20.0,jessica_black@mail.net,2025-01-01,65522.0,Sales
Jessica Johnson,44.0,invalid_email,2022-05-15,41126.0,Marketing
Jessica O'Connell,20.0,jessica_o'connell@mail.net,2025-11-06,65522.0,Sales
Alice O'Connell,20.0,alice_o'connell@web.org,2019-10-26,65522.0,
Jessica Brown,20.0,jessica_brown@fake.com,2016-01-12,65522.0,Customer Support
John O'Connell,22.0,john_o'connell@email.com,2016-07-05,51039.0,IT
Jessica Johnson,20.0,jessica_johnson@email.com,2025-01-01,65522.0,Customer Support
Chris Johnson,20.0,chris_johnson@mail.net,2023-01-23,65522.0,Marketing
Peter Miller,20.0,peter_miller@web.org,2025-04-15,65522.0,Sales
Mary Smith,20.0,mary_smith@fake.com,2025-01-02,67366.0,Operations
Jane Smith,35.0,jane_smith@web.org,2025-01-02,65522.0,Customer Support
Sam White,20.0,sam_white@fake.com,2025-01-01,65522.0,Operations
,20.0,invalid_email,2021-11-23,65522.0,Customer Support
Lisa Johnson,20.0,lisa_johnson@web.org,2024-12-11,65522.0,Sales
Jane Johnson,29.0,jane_johnson@email.com,2025-01-02,65522.0,IT
Mary Davis,20.0,mary_davis@web.org,2020-02-22,65522.0,IT
Peter Doe,20.0,peter_doe@email.com,2025-01-01,65522.0,IT
Laura O'Connell,57.0,laura_o'connell@web.org,2025-01-01,65522.0,Customer Support
Anna Smith,20.0,anna_smith@fake.com,2021-08-28,65522.0,IT
Jane Davis,20.0,jane_davis@email.com,2025-01-02,75233.0,Operations
,20.0,invalid_email,2017-11-17,65522.0,Marketing
James Brown,20.0,james_brown@web.org,2025-01-01,65522.0,Customer Support
Peter O'Connell,20.0,invalid_email,2025-01-02,49155.0,Operations
Lisa Miller,20.0,lisa_miller@email.com,2025-01-01,93986.0,IT
Tom Miller,20.0,tom_miller@mail.net,2023-01-11,65522.0,HR
,20.0,invalid_email,2020-04-18,58533.0,
Anna Doe,20.0,anna_doe@mail.net,2017-07-03,66503.0,Operations
Peter White,20.0,peter_white@web.org,2025-01-01,65522.0,Finance
James White,20.0,james_white@web.org,2015-12-06,65522.0,Customer Support
Peter Brown,20.0,peter_brown@mail.net,2025-01-02,82677.0,
Peter Black,20.0,peter_black@email.com,2015-04-23,35391.0,
Robert Miller,20.0,invalid_email,2025-01-01,65522.0,Marketing
James Miller,51.0,james_miller@mail.net,2023-05-18,65522.0,Finance
Jessica Davis,59.0,jessica_davis@fake.com,2025-01-02,72188.0,
Robert White,40.0,robert_white@mail.net,2017-03-21,88480.0,Operations
Anna O'Connell,20.0,anna_o'connell@web.org,2025-01-01,65522.0,Sales
Anna Green,20.0,anna_green@email.com,2025-01-01,65522.0,Operations
Jessica Brown,20.0,jessica_brown@fake.com,2025-01-01,32186.0,Finance
Lisa Black,27.0,lisa_black@email.com,2020-04-21,65522.0,Operations
Mike O'Connell,20.0,invalid_email,2025-01-02,33793.0,HR
Lisa Black,20.0,lisa_black@email.com,2025-01-01,43167.0,Finance
Peter White,20.0,peter_white@web.org,2025-01-01,65522.0,Sales
Alice O'Connell,20.0,alice_o'connell@mail.net,2015-08-10,37574.0,
John Davis,20.0,invalid_email,2022-01-19,65522.0,Sales
Emily Miller,20.0,emily_miller@fake.com,2015-07-13,65522.0,Customer Support
Jane Davis,20.0,jane_davis@email.com,2015-12-17,65522.0,Finance
David Miller,34.0,david_miller@web.org,2022-12-02,79898.0,IT
Jane Green,59.0,jane_green@email.com,2020-02-28,51397.0,
Jessica Davis,57.0,jessica_davis@email.com,2017-09-04,65522.0,Finance
Mary Black,20.0,mary_black@mail.net,2025-01-02,65522.0,IT
Mike Davis,35.0,mike_davis@mail.net,2025-01-01,51826.0,Sales
Chris Green,20.0,chris_green@mail.net,2025-01-02,65522.0,
Sam White,55.0,sam_white@mail.net,2025-01-01,65522.0,Customer Support
David Green,42.0,david_green@web.org,2025-01-01,77445.0,IT
Chris Davis,20.0,chris_davis@mail.net,2023-04-20,65522.0,HR
Emily Smith,20.0,emily_smith@email.com,2020-08-10,65522.0,
Sam Johnson,20.0,sam_johnson@fake.com,2025-01-01,65522.0,Finance
James Doe,55.0,james_doe@fake.com,2016-12-04,65522.0,Operations
John Smith,20.0,john_smith@email.com,2025-01-01,65522.0,Marketing
James Johnson,20.0,james_johnson@email.com,2025-01-01,76042.0,HR
Tom Davis,20.0,tom_davis@fake.com,2025-01-02,91680.0,IT
Peter Black,20.0,peter_black@email.com,2025-01-02,65522.0,Finance
,57.0,invalid_email,2020-06-13,65522.0,Sales
Sam Green,20.0,sam_green@mail.net,2025-01-01,65522.0,Sales
Sarah O'Connell,20.0,sarah_o'connell@email.com,2016-10-13,65522.0,HR
Alice Doe,20.0,alice_doe@email.com,2025-01-01,65522.0,HR
Lisa Green,31.0,lisa_green@mail.net,2024-10-25,48524.0,Sales
Anna Doe,20.0,anna_doe@mail.net,2025-01-01,65522.0,IT
Mary Brown,20.0,mary_brown@email.com,2025-01-01,65522.0,Sales
Laura Brown,20.0,laura_brown@email.com,2025-01-01,65522.0,Finance
Jane Brown,20.0,jane_brown@fake.com,2025-01-01,65522.0,HR
James White,20.0,james_white@email.com,2015-05-01,65522.0,Operations
Chris Davis,55.0,invalid_email,2021-05-25,65522.0,Sales
Robert O'Connell,50.0,robert_o'connell@email.com,2025-01-01,65522.0,Finance
Anna O'Connell,20.0,anna_o'connell@email.com,2018-01-18,65522.0,
Alice Green,20.0,alice_green@mail.net,2018-12-10,65522.0,Customer Support
Lisa Smith,20.0,lisa_smith@mail.net,2015-05-05,65522.0,IT
Mary Black,20.0,mary_black@mail.net,2025-01-01,65522.0,IT
David O'Connell,20.0,david_o'connell@fake.com,2025-01-01,46782.0,Finance
Mary Doe,20.0,mary_doe@web.org,2020-11-12,65522.0,Operations
Jessica Doe,20.0,jessica_doe@mail.net,2025-01-01,65522.0,IT
Sarah Johnson,20.0,sarah_johnson@web.org,2016-02-01,65522.0,IT
Tom Green,20.0,tom_green@mail.net,2025-01-02,65522.0,IT
Sam White,55.0,sam_white@mail.net,2020-04-26,65522.0,Operations
Alex O'Connell,20.0,alex_o'connell@mail.net,2025-01-01,65522.0,HR
Sarah Miller,20.0,sarah_miller@fake.com,2025-01-01,65522.0,HR
James White,20.0,james_white@mail.net,2025-01-02,65522.0,Finance
Emily Brown,20.0,emily_brown@fake.com,2025-01-01,98652.0,HR
Alice Doe,53.0,alice_doe@web.org,2025-01-01,65522.0,HR
Jessica Smith,20.0,jessica_smith@mail.net,2023-06-05,65522.0,Operations
Anna Green,20.0,anna_green@fake.com,2021-04-01,65522.0,Customer Support
Jane O'Connell,20.0,jane_o'connell@fake.com,2025-01-01,80628.0,HR
Lisa O'Connell,20.0,lisa_o'connell@fake.com,2021-05-09,65522.0,
Tom Davis,27.0,tom_davis@mail.net,2017-05-17,65522.0,HR
Sam Doe,20.0,invalid_email,2019-07-22,65522.0,Marketing
Laura Brown,20.0,laura_brown@mail.net,2020-07-11,65522.0,Marketing
David Smith,20.0,david_smith@mail.net,2015-05-06,69521.0,IT
Alice Davis,20.0,alice_davis@web.org,2021-08-03,65522.0,Marketing
Sarah Black,20.0,sarah_black@fake.com,2019-11-06,65522.0,IT
Lisa Johnson,20.0,lisa_johnson@email.com,2018-05-14,65522.0,Marketing
Sam Smith,20.0,invalid_email,2022-02-17,34118.0,Finance
John Brown,52.0,john_brown@mail.net,2025-01-02,61423.0,Operations
Lisa Miller,20.0,lisa_miller@email.com,2025-01-02,65522.0,HR
Peter Miller,20.0,peter_miller@web.org,2017-12-21,65522.0,Finance
Jessica Doe,20.0,jessica_doe@mail.net,2021-03-04,65522.0,Customer Support
Alex Miller,20.0,alex_miller@fake.com,2021-09-11,65522.0,Finance
Peter O'Connell,20.0,peter_o'connell@web.org,2025-01-02,65522.0,Operations
Anna Black,48.0,anna_black@mail.net,2025-01-01,65522.0,IT
Alex Green,20.0,alex_green@mail.net,2025-01-01,65522.0,Finance
Robert Miller,20.0,robert_miller@web.org,2018-05-14,65522.0,Sales
David Davis,49.0,invalid_email,2015-03-24,65522.0,Finance
Alex Green,35.0,alex_green@fake.com,2019-01-05,52372.0,Sales
Laura Miller,20.0,laura_miller@web.org,2015-10-09,65522.0,Customer Support
Anna Green,20.0,anna_green@email.com,2025-01-02,65522.0,Operations
Mike O'Connell,20.0,mike_o'connell@fake.com,2025-09-07,65522.0,Operations
,20.0,invalid_email,2025-01-01,61353.0,Finance
Jane Davis,20.0,invalid_email,2025-01-02,91739.0,
James Smith,20.0,james_smith@mail.net,2020-08-21,65522.0,Finance
Alice White,40.0,invalid_email,2021-07-10,79852.0,Finance
Jessica White,20.0,jessica_white@fake.com,2020-04-03,65522.0,Marketing
Jessica O'Connell,44.0,jessica_o'connell@mail.net,2025-01-02,42517.0,HR
Jane Brown,37.0,jane_brown@mail.net,2025-01-02,65522.0,IT
Sam Johnson,20.0,sam_johnson@email.com,2017-04-23,65522.0,Sales
Robert Brown,20.0,robert_brown@fake.com,2017-08-02,65522.0,
Anna White,20.0,anna_white@email.com,2025-01-02,35853.0,Operations
Anna White,20.0,anna_white@fake.com,2022-10-24,59388.0,IT
Jessica Smith,31.0,jessica_smith@mail.net,2025-01-02,65522.0,Sales
Jessica Miller,20.0,jessica_miller@fake.com,2025-01-01,65522.0,Sales
Emily Black,20.0,emily_black@mail.net,2023-10-06,65522.0,Finance
Anna Doe,20.0,anna_doe@mail.net,2022-02-14,65522.0,
Chris Smith,20.0,invalid_email,2017-02-07,65522.0,HR
Lisa O'Connell,43.0,lisa_o'connell@mail.net,2025-01-01,96282.0,HR
Lisa O'Connell,20.0,lisa_o'connell@web.org,2025-01-01,65522.0,HR
Robert Green,35.0,robert_green@web.org,2021-04-22,65522.0,Finance
Emily Johnson,20.0,emily_johnson@mail.net,2022-11-04,65522.0,Finance
Sam O'Connell,20.0,sam_o'connell@fake.com,2022-07-01,62476.0,Customer Support
James Green,20.0,james_green@email.com,2024-03-04,65522.0,HR
Laura Miller,20.0,invalid_email,2019-09-16,65522.0,IT
,20.0,invalid_email,2025-01-01,65522.0,Customer Support
Mary O'Connell,20.0,mary_o'connell@fake.com,2024-04-23,65522.0,
David Johnson,43.0,david_johnson@mail.net,2020-12-04,65522.0,HR
David Johnson,41.0,invalid_email,2025-01-02,65522.0,
Chris Doe,20.0,chris_doe@mail.net,2025-01-01,65522.0,Sales
Lisa White,20.0,lisa_white@web.org,2019-07-01,65522.0,HR
Jane Miller,20.0,jane_miller@web.org,2025-01-01,65522.0,Sales
Jessica Johnson,20.0,jessica_johnson@web.org,2022-12-27,65522.0,IT
Lisa White,20.0,lisa_white@mail.net,2017-04-05,65522.0,HR
David Black,20.0,david_black@mail.net,2025-09-11,65522.0,Customer Support
Alice Green,20.0,alice_green@fake.com,2025-01-02,65522.0,IT
Laura Brown,43.0,laura_brown@mail.net,2025-12-10,65522.0,Sales
Sam Brown,20.0,sam_brown@fake.com,2019-10-12,90317.0,
Mary White,20.0,mary_white@fake.com,2025-06-04,64559.0,Customer Support
Sarah Black,20.0,sarah_black@web.org,2025-01-01,44496.0,IT
Laura Green,20.0,laura_green@fake.com,2020-02-02,65522.0,Finance
Jessica Doe,20.0,jessica_doe@mail.net,2025-10-02,65522.0,Marketing
Anna Green,20.0,anna_green@email.com,2025-01-02,65522.0,Operations
Tom Doe,20.0,invalid_email,2025-01-02,65522.0,Marketing
David Smith,60.0,david_smith@email.com,2018-05-18,66848.0,
Tom Doe,20.0,tom_doe@mail.net,2020-04-07,65522.0,Customer Support
Mike Davis,20.0,mike_davis@mail.net,2023-12-11,65522.0,
Mary Miller,20.0,mary_miller@mail.net,2020-11-14,40528.0,Finance
Robert Doe,27.0,robert_doe@mail.net,2025-01-01,79823.0,IT
Chris O'Connell,34.0,chris_o'connell@web.org,2025-01-01,65522.0,
Chris Doe,20.0,chris_doe@mail.net,2025-01-02,65522.0,Operations
Chris Doe,20.0,chris_doe@web.org,2018-05-24,65522.0,
David O'Connell,20.0,david_o'connell@mail.net,2016-03-25,65522.0,
John O'Connell,20.0,john_o'connell@web.org,2025-01-02,71404.0,Marketing
David Miller,20.0,david_miller@email.com,2025-09-20,54466.0,Finance
John Miller,20.0,john_miller@fake.com,2021-11-11,33626.0,Sales
Jane Davis,20.0,jane_davis@email.com,2025-12-06,65522.0,
John O'Connell,20.0,john_o'connell@web.org,2025-01-01,65522.0,Sales
Peter Brown,20.0,peter_brown@email.com,2020-05-11,44171.0,Marketing
Alex Black,41.0,alex_black@fake.com,2025-01-01,65522.0,IT
Mike Davis,20.0,invalid_email,2024-02-04,30343.0,Sales
David White,44.0,david_white@mail.net,2025-01-01,52446.0,
Laura Miller,23.0,laura_miller@web.org,2022-05-14,53503.0,IT
Jane Brown,20.0,jane_brown@fake.com,2019-05-19,65522.0,Marketing
Anna Miller,36.0,anna_miller@email.com,2017-05-21,65522.0,
Tom Brown,20.0,tom_brown@fake.com,2025-01-01,65522.0,HR
Mary Black,20.0,mary_black@fake.com,2023-07-06,82165.0,Operations
Jessica Johnson,41.0,jessica_johnson@mail.net,2025-01-01,99350.0,Operations
Jane O'Connell,20.0,jane_o'connell@fake.com,2025-01-01,65522.0,HR
Emily Black,20.0,emily_black@fake.com,2025-01-01,48350.0,IT
David Green,20.0,david_green@web.org,2018-10-08,65522.0,Operations
Tom Johnson,20.0,tom_johnson@fake.com,2022-06-24,89851.0,IT
Jessica Brown,20.0,jessica_brown@web.org,2016-01-16,38143.0,Finance
Robert Davis,20.0,invalid_email,2020-03-14,65522.0,Operations
John Green,20.0,john_green@email.com,2018-05-05,65522.0,Finance
Anna Green,20.0,anna_green@email.com,2024-01-24,65522.0,Customer Support
Alice Davis,20.0,alice_davis@web.org,2025-01-01,65522.0,Finance
Robert Smith,60.0,robert_smith@email.com,2021-07-07,65522.0,Finance
Robert Davis,20.0,robert_davis@mail.net,2019-03-01,65522.0,Finance
Jane White,20.0,jane_white@fake.com,2017-03-18,65522.0,
Emily O'Connell,20.0,emily_o'connell@web.org,2016-07-08,65522.0,
Robert White,20.0,robert_white@fake.com,2025-01-01,65522.0,Marketing
James Davis,20.0,james_davis@web.org,2016-05-15,65522.0,Customer Support
Jane Davis,21.0,jane_davis@email.com,2016-01-17,85150.0,Customer Support
Peter O'Connell,20.0,invalid_email,2025-01-01,91026.0,HR
Jessica Smith,20.0,jessica_smith@email.com,2021-11-07,65522.0,Finance
Sarah Black,20.0,sarah_black@email.com,2023-04-21,51880.0,Finance
Mike Doe,37.0,mike_doe@email.com,2018-09-20,65522.0,IT
,20.0,invalid_email,2025-01-01,61112.0,HR
David O'Connell,20.0,invalid_email,2019-11-07,65522.0,HR
Emily Green,44.0,emily_green@fake.com,2025-01-11,37582.0,IT
Mike Smith,40.0,invalid_email,2017-08-10,65522.0,HR
Sam White,20.0,sam_white@fake.com,2017-03-11,65522.0,Customer Support
Peter Johnson,20.0,peter_johnson@mail.net,2019-08-25,65522.0,IT
Jane Black,54.0,jane_black@web.org,2025-01-01,65522.0,Sales
Mike Davis,20.0,mike_davis@fake.com,2025-01-01,65522.0,HR
Chris Brown,20.0,chris_brown@email.com,2015-11-08,65522.0,Operations
Jane O'Connell,20.0,jane_o'connell@fake.com,2025-01-01,65522.0,Marketing
Jessica O'Connell,40.0,jessica_o'connell@web.org,2025-01-02,78927.0,Customer Support
Emily White,20.0,emily_white@web.org,2024-12-08,65522.0,Operations
Chris Brown,20.0,chris_brown@mail.net,2025-04-10,90137.0,Customer Support
Mike Brown,20.0,mike_brown@email.com,2018-05-10,65522.0,HR
Laura Doe,20.0,laura_doe@mail.net,2025-01-01,34756.0,HR
James Davis,20.0,james_davis@mail.net,2025-01-02,48273.0,Sales
Alex Davis,20.0,alex_davis@web.org,2017-01-19,65522.0,
Sarah Doe,20.0,sarah_doe@mail.net,2025-04-25,65522.0,
Anna Black,20.0,anna_black@email.com,2025-01-01,31838.0,Sales
James Brown,37.0,james_brown@mail.net,2023-07-19,65522.0,Customer Support
Alice Green,20.0,alice_green@email.com,2025-01-02,65522.0,IT
Alex O'Connell,20.0,alex_o'connell@web.org,2016-06-19,62613.0,Finance
Laura Smith,20.0,laura_smith@fake.com,2024-05-22,65522.0,HR
Chris Doe,31.0,chris_doe@email.com,2025-01-01,65522.0,Marketing
Alice Miller,20.0,alice_miller@email.com,2025-01-02,65522.0,Marketing
Chris Davis,20.0,invalid_email,2025-01-01,76225.0,Operations
Mary O'Connell,20.0,mary_o'connell@web.org,2016-05-09,84505.0,Marketing
Alex Doe,20.0,alex_doe@web.org,2017-04-14,42202.0,Marketing
Chris White,42.0,chris_white@email.com,2025-01-02,65522.0,Customer Support
John Miller,20.0,john_miller@web.org,2018-11-09,65522.0,HR
Lisa Johnson,20.0,invalid_email,2015-06-06,70804.0,HR
Jane Brown,20.0,jane_brown@mail.net,2025-01-01,38458.0,HR
Tom Miller,20.0,tom_miller@web.org,2020-07-16,65522.0,Operations
Jane Green,20.0,invalid_email,2025-01-02,56482.0,Marketing
David Brown,37.0,david_brown@mail.net,2024-06-09,35096.0,Sales
John Johnson,49.0,john_johnson@email.com,2025-01-01,35331.0,Marketing
Emily Smith,20.0,emily_smith@web.org,2021-07-01,81798.0,Operations
Lisa Doe,20.0,lisa_doe@mail.net,2021-10-03,65522.0,Operations
Sam Doe,20.0,sam_doe@fake.com,2021-09-10,65522.0,HR
Sam Brown,20.0,sam_brown@fake.com,2018-01-05,65522.0,Operations
,26.0,invalid_email,2025-01-01,65522.0,IT
Anna Smith,20.0,invalid_email,2025-01-01,65522.0,Customer Support
Alex Black,20.0,invalid_email,2016-10-26,65522.0,Sales
Sam Davis,25.0,sam_davis@fake.com,2015-06-22,67436.0,Finance
Mary Black,20.0,mary_black@mail.net,2025-01-01,65522.0,
Anna Smith,20.0,anna_smith@email.com,2021-02-09,42779.0,Customer Support
Robert Green,20.0,robert_green@fake.com,2020-06-17,65522.0,Sales
Alice Green,20.0,alice_green@web.org,2023-12-01,65522.0,Operations
Anna Doe,20.0,anna_doe@fake.com,2015-04-04,65522.0,Customer Support
Tom Brown,20.0,tom_brown@fake.com,2019-07-19,99247.0,
David Miller,20.0,invalid_email,2016-01-04,65522.0,Finance
Alex Johnson,20.0,alex_johnson@fake.com,2016-08-05,55555.0,IT
David Green,20.0,david_green@fake.com,2025-01-01,65522.0,IT
Alice Miller,20.0,invalid_email,2018-11-02,65522.0,Marketing
Alex Brown,20.0,alex_brown@fake.com,2025-01-01,65522.0,Sales
Peter Smith,20.0,peter_smith@web.org,2023-05-01,65522.0,HR
Alice White,20.0,alice_white@mail.net,2023-04-10,65522.0,Operations
,20.0,invalid_email,2015-02-22,65522.0,Sales
Peter Smith,46.0,peter_smith@email.com,2025-01-02,65522.0,Customer Support
Jessica Smith,20.0,jessica_smith@web.org,2025-01-01,65522.0,HR
Jane Davis,20.0,jane_davis@mail.net,2018-08-22,65522.0,
Alice Miller,20.0,alice_miller@fake.com,2019-06-09,65522.0,Finance
Alex O'Connell,20.0,alex_o'connell@fake.com,2021-04-03,65522.0,Finance
Sarah Brown,20.0,sarah_brown@email.com,2016-09-15,65522.0,Sales
Laura Green,20.0,laura_green@mail.net,2020-06-08,75549.0,Finance
James Davis,51.0,james_davis@mail.net,2025-01-01,70497.0,IT
Sarah Miller,20.0,sarah_miller@web.org,2025-01-01,65522.0,Operations
,20.0,invalid_email,2020-05-27,65522.0,Operations
Emily Doe,20.0,emily_doe@email.com,2025-01-01,65522.0,HR
Laura O'Connell,43.0,invalid_email,2015-03-18,65522.0,Finance
Mike Davis,42.0,mike_davis@mail.net,2025-01-01,65522.0,Operations
Sam White,54.0,sam_white@web.org,2016-09-15,65522.0,Finance
Lisa Brown,20.0,lisa_brown@email.com,2022-08-28,68640.0,Finance
Tom White,20.0,tom_white@mail.net,2025-01-02,65522.0,Operations
Laura Smith,20.0,laura_smith@mail.net,2020-05-01,48629.0,IT
Jessica Davis,20.0,jessica_davis@mail.net,2025-01-02,82483.0,HR
,20.0,invalid_email,2025-11-06,73306.0,Customer Support
Mary Black,20.0,mary_black@mail.net,2025-01-11,65522.0,IT
James Black,20.0,james_black@fake.com,2019-11-06,33039.0,Finance
Tom White,20.0,invalid_email,2025-01-01,75480.0,Customer Support
Anna Black,20.0,anna_black@mail.net,2025-01-01,61064.0,HR
Lisa Smith,20.0,lisa_smith@mail.net,2025-01-01,61823.0,
Anna Davis,20.0,anna_davis@email.com,2025-11-10,65522.0,Finance
Jane Black,20.0,jane_black@fake.com,2025-01-01,65522.0,Marketing
,20.0,invalid_email,2025-01-02,42491.0,Customer Support
Mike Johnson,20.0,mike_johnson@mail.net,2025-01-02,65522.0,Operations
John Smith,50.0,john_smith@email.com,2025-01-01,65522.0,Finance
Mary Brown,20.0,mary_brown@fake.com,2025-01-02,65522.0,IT
Anna Johnson,20.0,anna_johnson@email.com,2025-01-02,66605.0,HR
Tom Miller,33.0,tom_miller@fake.com,2025-01-02,65522.0,Finance
Chris Black,20.0,chris_black@web.org,2023-11-03,65522.0,Marketing
David O'Connell,20.0,david_o'connell@fake.com,2016-02-10,65522.0,Marketing
,20.0,invalid_email,2025-01-01,65522.0,Finance
Alex Smith,20.0,alex_smith@web.org,2025-01-01,40999.0,
Sam White,20.0,sam_white@web.org,2020-07-23,88217.0,Marketing
Alex Miller,20.0,alex_miller@mail.net,2016-04-15,35145.0,Finance
Alice Black,20.0,alice_black@web.org,2025-01-01,65522.0,HR
Lisa Green,20.0,lisa_green@mail.net,2015-06-18,65522.0,Customer Support
Anna Miller,20.0,anna_miller@fake.com,2024-04-01,65522.0,IT
John Brown,20.0,john_brown@web.org,2015-02-12,81933.0,Marketing
Sarah O'Connell,20.0,invalid_email,2024-01-19,65522.0,Operations
Alice Green,20.0,alice_green@web.org,2015-02-09,73313.0,HR
John Miller,56.0,john_miller@fake.com,2025-01-01,80080.0,IT
Alice O'Connell,20.0,alice_o'connell@web.org,2025-01-01,65522.0,Customer Support
Jessica Green,20.0,jessica_green@email.com,2017-07-12,86010.0,Operations
David Brown,20.0,david_brown@email.com,2015-09-24,65522.0,Finance
Sarah Smith,20.0,sarah_smith@mail.net,2025-01-01,65522.0,Customer Support
Sarah Doe,20.0,sarah_doe@web.org,2025-01-01,65522.0,Operations
Mike Doe,31.0,mike_doe@web.org,2025-01-01,65522.0,Finance
Sarah White,20.0,sarah_white@mail.net,2025-01-01,65522.0,Marketing
,20.0,invalid_email,2025-01-01,59863.0,IT
,41.0,invalid_email,2025-08-21,54810.0,Sales
Sam Brown,20.0,sam_brown@fake.com,2024-05-20,65522.0,IT
Peter Johnson,20.0,peter_johnson@mail.net,2022-06-23,65522.0,Sales
Mike Johnson,20.0,mike_johnson@mail.net,2021-10-10,68258.0,HR
Chris Green,31.0,chris_green@mail.net,2025-01-01,65522.0,Sales
Alice Doe,20.0,alice_doe@web.org,2025-01-02,33088.0,Operations
Laura Black,20.0,laura_black@fake.com,2017-02-22,42352.0,Marketing
Mike Brown,20.0,invalid_email,2016-12-22,30534.0,HR
Sarah Davis,20.0,sarah_davis@fake.com,2023-08-13,65522.0,Sales
Lisa Johnson,20.0,lisa_johnson@web.org,2025-08-04,65522.0,Customer Support
Jessica Miller,47.0,invalid_email,2025-01-01,65522.0,IT
Alice Johnson,20.0,alice_johnson@fake.com,2020-04-08,31274.0,Marketing
James Green,20.0,james_green@fake.com,2016-12-04,65522.0,Customer Support
Jane Johnson,20.0,jane_johnson@web.org,2025-01-01,65522.0,Finance
John Johnson,26.0,john_johnson@email.com,2025-01-01,92901.0,Finance
Anna Miller,35.0,anna_miller@mail.net,2024-08-06,65522.0,Sales
Mike Doe,20.0,mike_doe@fake.com,2025-01-01,65522.0,Finance
Mary Green,20.0,mary_green@web.org,2025-01-02,65522.0,Sales
Anna White,20.0,anna_white@mail.net,2025-01-01,56727.0,Finance
Alex Smith,20.0,alex_smith@mail.net,2018-01-24,65522.0,Sales
Mike Brown,20.0,mike_brown@email.com,2023-06-08,65522.0,
Jessica Brown,20.0,jessica_brown@mail.net,2025-01-02,65522.0,Sales
Alice Green,20.0,alice_green@email.com,2022-11-08,65522.0,Operations
Sam Green,43.0,sam_green@email.com,2025-01-01,44984.0,HR
Lisa Green,20.0,lisa_green@web.org,2025-01-01,65522.0,
Anna Smith,20.0,anna_smith@web.org,2016-05-13,65522.0,HR
Alice Johnson,20.0,invalid_email,2025-01-01,65522.0,Marketing
James Black,20.0,james_black@email.com,2025-01-01,85358.0,HR
Peter Black,20.0,invalid_email,2025-11-19,67599.0,Finance
Laura Miller,53.0,laura_miller@email.com,2018-09-13,65522.0,IT
Robert White,20.0,invalid_email,2018-04-26,65522.0,
,20.0,invalid_email,2020-08-18,65522.0,HR
Robert Green,20.0,robert_green@fake.com,2022-11-08,65522.0,Marketing
Jessica Miller,20.0,jessica_miller@email.com,2024-11-07,65522.0,IT
Sarah Johnson,20.0,sarah_johnson@mail.net,2022-08-10,61135.0,Finance
Anna Miller,20.0,anna_miller@mail.net,2025-01-01,65522.0,Operations
Chris Black,20.0,chris_black@mail.net,2021-11-04,65522.0,Customer Support
John Smith,20.0,john_smith@email.com,2021-03-17,65522.0,Customer Support
Robert Smith,20.0,robert_smith@web.org,2025-01-01,65522.0,Sales
Laura Doe,20.0,laura_doe@web.org,2025-01-01,91386.0,HR
Robert O'Connell,20.0,robert_o'connell@email.com,2016-01-15,40894.0,Customer Support
Mary Miller,20.0,mary_miller@web.org,2021-08-03,65522.0,IT
David Brown,20.0,david_brown@email.com,2024-06-07,65522.0,Sales
Alex Brown,20.0,alex_brown@web.org,2020-08-12,65522.0,IT
Robert Johnson,20.0,robert_johnson@email.com,2025-01-02,82890.0,Marketing
Anna Smith,20.0,anna_smith@email.com,2021-04-26,91414.0,IT
Lisa O'Connell,20.0,lisa_o'connell@email.com,2015-04-05,61577.0,Finance
David Black,20.0,david_black@fake.com,2015-07-02,65522.0,Operations
Emily Doe,20.0,emily_doe@email.com,2025-01-02,99512.0,Finance
Robert Doe,20.0,robert_doe@fake.com,2023-01-08,65522.0,Finance
Mike Smith,50.0,mike_smith@web.org,2016-07-14,65522.0,HR
Sarah Doe,58.0,sarah_doe@fake.com,2022-05-07,65522.0,Operations
Peter Davis,20.0,peter_davis@fake.com,2025-01-01,84989.0,Finance
Anna White,50.0,anna_white@mail.net,2025-01-02,82932.0,Customer Support
John Green,20.0,john_green@fake.com,2018-12-06,37618.0,Customer Support
Sarah Johnson,20.0,sarah_johnson@web.org,2024-07-07,65522.0,Sales
Anna Davis,20.0,anna_davis@fake.com,2025-01-02,65522.0,Operations
John Green,20.0,john_green@fake.com,2025-01-01,65522.0,Marketing
Lisa O'Connell,20.0,lisa_o'connell@web.org,2024-12-04,34449.0,Sales
Anna O'Connell,20.0,anna_o'connell@email.com,2017-09-15,65522.0,Customer Support
Peter Doe,52.0,peter_doe@mail.net,2025-01-02,65522.0,Operations
Lisa White,20.0,lisa_white@email.com,2019-07-13,65522.0,Operations
Lisa Black,43.0,lisa_black@email.com,2025-01-01,65522.0,Marketing
Jane Black,20.0,jane_black@email.com,2019-02-09,65522.0,Operations
Chris Green,20.0,chris_green@mail.net,2025-01-01,65522.0,HR
Mary Johnson,20.0,mary_johnson@email.com,2015-01-15,33821.0,
Alex Davis,54.0,alex_davis@web.org,2023-07-26,65522.0,Marketing
Mike Miller,20.0,mike_miller@fake.com,2016-08-18,65522.0,
Mike White,20.0,invalid_email,2022-01-06,71305.0,
Alex Brown,20.0,alex_brown@fake.com,2024-02-10,74662.0,Operations
Lisa Brown,60.0,lisa_brown@web.org,2025-01-01,65522.0,Customer Support
Laura Smith,21.0,laura_smith@mail.net,2025-01-02,65522.0,IT
Chris Smith,20.0,invalid_email,2020-08-19,68560.0,Sales
Jessica Brown,20.0,jessica_brown@mail.net,2025-01-01,65522.0,Operations
Alice Miller,20.0,alice_miller@web.org,2019-12-26,65522.0,Sales
Chris Doe,26.0,chris_doe@web.org,2024-11-21,65522.0,IT
Jessica White,20.0,jessica_white@email.com,2025-01-02,35161.0,Operations
Anna Brown,20.0,anna_brown@web.org,2018-11-11,90755.0,Customer Support
Robert Smith,20.0,robert_smith@email.com,2025-09-13,84624.0,Operations
Anna Davis,20.0,anna_davis@fake.com,2025-01-01,37898.0,IT
Chris Davis,20.0,chris_davis@web.org,2025-01-01,55257.0,Sales
Tom O'Connell,20.0,invalid_email,2016-03-14,56015.0,Finance
Alex Davis,20.0,alex_davis@mail.net,2015-03-08,40336.0,Sales
Mike Black,20.0,mike_black@mail.net,2015-06-12,65522.0,Sales
Chris Johnson,20.0,chris_johnson@email.com,2025-01-01,45186.0,Operations
Jane Davis,20.0,jane_davis@web.org,2025-01-02,70374.0,Customer Support
Emily Smith,20.0,emily_smith@mail.net,2025-01-02,56864.0,Sales
Peter Green,20.0,peter_green@email.com,2015-05-01,60210.0,Sales
Alex O'Connell,27.0,alex_o'connell@mail.net,2022-06-03,65522.0,Finance
Tom O'Connell,20.0,tom_o'connell@email.com,2022-02-04,65522.0,Sales
David O'Connell,20.0,david_o'connell@web.org,2025-01-02,32623.0,Operations
Sam Brown,20.0,invalid_email,2019-11-21,51404.0,Marketing
John Davis,25.0,john_davis@mail.net,2020-07-12,53809.0,
Alex Black,20.0,alex_black@fake.com,2015-07-28,31068.0,IT
,20.0,invalid_email,2022-03-14,65522.0,Operations
Mary Brown,41.0,mary_brown@mail.net,2015-03-25,65522.0,Marketing
David Brown,54.0,david_brown@email.com,2019-01-15,93319.0,HR
Mary Smith,20.0,mary_smith@email.com,2025-01-01,65522.0,Marketing
Lisa White,20.0,lisa_white@mail.net,2023-11-21,65522.0,Operations
Alex Davis,58.0,alex_davis@email.com,2025-01-01,65522.0,Customer Support
David White,20.0,david_white@mail.net,2016-04-19,65522.0,
John O'Connell,20.0,john_o'connell@email.com,2020-02-12,35333.0,IT
Sam Johnson,20.0,sam_johnson@mail.net,2025-01-01,38191.0,Finance
Emily O'Connell,20.0,emily_o'connell@web.org,2025-01-01,65522.0,
Emily Doe,20.0,emily_doe@email.com,2019-03-26,65522.0,HR
Anna Davis,20.0,anna_davis@mail.net,2017-05-17,65522.0,Customer Support
Emily Doe,20.0,emily_doe@web.org,2019-05-01,57700.0,Marketing
Mary Smith,20.0,mary_smith@fake.com,2025-01-01,59072.0,
Alice Brown,20.0,alice_brown@mail.net,2023-05-28,65522.0,Marketing
Robert White,20.0,robert_white@fake.com,2021-05-12,65522.0,Customer Support
Jane Davis,20.0,jane_davis@web.org,2015-09-08,65522.0,IT
Emily Green,20.0,emily_green@fake.com,2024-06-21,94356.0,Sales
Lisa Smith,30.0,invalid_email,2025-06-19,65522.0,
Jane White,20.0,jane_white@email.com,2024-06-01,88086.0,Customer Support
Alex Black,20.0,alex_black@web.org,2018-07-07,65522.0,HR
David Miller,38.0,david_miller@email.com,2025-04-20,65522.0,Operations
Sam Green,20.0,sam_green@web.org,2020-07-07,65522.0,IT
Robert O'Connell,20.0,robert_o'connell@web.org,2019-04-20,65522.0,Customer Support
Alex Smith,20.0,alex_smith@email.com,2025-01-02,65522.0,Marketing
Alice O'Connell,20.0,alice_o'connell@fake.com,2021-04-10,65522.0,Finance
Mike O'Connell,30.0,mike_o'connell@mail.net,2025-01-02,65522.0,Marketing
Jessica Smith,20.0,jessica_smith@email.com,2021-07-28,65522.0,HR
John White,20.0,john_white@web.org,2015-05-03,42690.0,Marketing
Emily Smith,20.0,emily_smith@email.com,2019-06-18,65522.0,Marketing
James Brown,20.0,james_brown@mail.net,2025-01-01,65522.0,Customer Support
Alice O'Connell,20.0,invalid_email,2015-09-13,90637.0,Finance
Tom O'Connell,20.0,tom_o'connell@email.com,2021-07-08,65522.0,Customer Support
,20.0,invalid_email,2025-06-18,35824.0,HR
Alex Miller,20.0,alex_miller@email.com,2016-11-13,65522.0,Finance
Anna Brown,20.0,anna_brown@fake.com,2025-08-05,65522.0,IT
Mike Doe,20.0,mike_doe@fake.com,2017-10-01,40497.0,Marketing
Laura Miller,20.0,laura_miller@fake.com,2025-01-01,38893.0,HR
Chris Miller,20.0,chris_miller@mail.net,2025-01-02,58046.0,HR
Robert Johnson,20.0,robert_johnson@fake.com,2025-12-08,65522.0,Sales
Mary Smith,20.0,mary_smith@web.org,2023-09-09,65522.0,HR
Sam Green,20.0,sam_green@email.com,2025-03-23,32079.0,HR
Alex Smith,20.0,alex_smith@mail.net,2020-12-09,65522.0,HR
Mary Miller,20.0,mary_miller@email.com,2016-04-09,65522.0,IT
Mike Johnson,20.0,mike_johnson@mail.net,2025-01-02,65522.0,Sales
Anna Brown,20.0,anna_brown@web.org,2015-01-25,65522.0,
Laura Smith,20.0,laura_smith@web.org,2025-01-02,65522.0,HR
David White,25.0,david_white@email.com,2017-06-05,65522.0,IT
Emily Smith,27.0,emily_smith@fake.com,2025-01-02,65522.0,
Lisa Doe,54.0,lisa_doe@fake.com,2025-01-01,65522.0,IT
Jane Black,22.0,jane_black@fake.com,2020-01-01,65522.0,
Alex Green,40.0,alex_green@email.com,2025-06-06,65522.0,Sales
Emily O'Connell,20.0,emily_o'connell@mail.net,2022-04-21,65522.0,Sales
Tom Doe,20.0,tom_doe@mail.net,2025-01-01,94375.0,Finance
Emily Miller,20.0,emily_miller@email.com,2023-05-14,65522.0,Sales
